Changes made at Thu Nov 20 10:14:43 UTC 2025
Changes made at Thu Nov 20 12:25:24 UTC 2025
Changes made at Thu Nov 20 14:12:57 UTC 2025
Changes made at Thu Nov 20 16:17:12 UTC 2025
Changes made at Fri Nov 21 08:19:04 UTC 2025
Changes made at Fri Nov 21 10:14:03 UTC 2025
Changes made at Fri Nov 21 14:13:04 UTC 2025
Changes made at Fri Nov 21 16:16:39 UTC 2025
Changes made at Sat Nov 22 08:16:18 UTC 2025
Changes made at Sat Nov 22 10:12:47 UTC 2025
Changes made at Sat Nov 22 14:10:47 UTC 2025
Changes made at Sat Nov 22 16:14:35 UTC 2025
Changes made at Sun Nov 23 08:16:23 UTC 2025
Changes made at Sun Nov 23 10:12:38 UTC 2025
Changes made at Sun Nov 23 14:10:59 UTC 2025
Changes made at Sun Nov 23 16:14:25 UTC 2025
Changes made at Mon Nov 24 08:19:49 UTC 2025
Changes made at Mon Nov 24 10:15:44 UTC 2025
Changes made at Mon Nov 24 14:13:46 UTC 2025
Changes made at Mon Nov 24 16:14:42 UTC 2025
Changes made at Tue Nov 25 08:19:03 UTC 2025
Changes made at Tue Nov 25 10:16:28 UTC 2025
Changes made at Tue Nov 25 14:13:37 UTC 2025
Changes made at Tue Nov 25 16:18:01 UTC 2025
